country,nPlayers,country_name,latitude,longitude
US,12753729,United States of America,39.7837304,-100.4458825
GB,184581,United Kingdom,54.70235450000001,-3.2765753
FR,150147,France,46.603354,1.8883335
BR,130389,Brazil,-10.3333333,-53.2
CA,124018,Canada,61.0666922,-107.9917071
DE,106743,Germany,51.0834196,10.4234469
ES,103717,Spain,39.3262345,-4.838064900000001
RU,99018,Russia,64.6863136,97.7453061
IT,90242,Italy,42.6384261,12.674297
PL,87339,Poland,52.0189912,19.19558554308718
TR,84359,Turkey,38.9597594,34.9249653
XX,77424,International,50.10934595000001,14.393264664529314
MX,65115,Mexico,22.5000485,-100.0000375
AU,63156,Australia,-24.7761086,134.755
NL,62560,Netherlands,52.5001698,5.7480821
AR,46267,Argentina,-34.9964963,-64.9672817
PH,44959,Philippines,12.7503486,122.7312101
SE,39444,Sweden,59.67497120000001,14.5208584
NO,37648,Norway,60.5000209,9.0999715
UA,33561,Ukraine,49.4871968,31.2718321
ID,30874,Indonesia,-2.4833826,117.8902853
BE,28724,Belgium,50.6402809,4.6667144999999985
IL,27897,Israel,31.5313113,34.8667654
CO,27336,Colombia,2.8894434,-73.78389200000002
IR,24671,Iran,32.6475314,54.56435160000001
EG,24665,Egypt,26.2540493,29.2675469
CH,23724,Switzerland,46.7985624,8.231973599999998
RO,22452,Romania,45.98521289999999,24.6859225
GR,21004,Greece,38.9953683,21.9877132
DK,18949,Denmark,55.670249,10.333328300000002
VN,17918,Vietnam,13.2904027,108.4265113
IE,17779,Ireland,52.865196,-7.9794599
PT,17662,Portugal,40.0332629,-7.889626299999999
RS,17584,Serbia,44.1534121,20.55144
SA,17565,Saudi Arabia,25.62426180000001,42.3528328
PE,16252,Peru,-6.8699697,-75.0458515
CZ,16207,Czech Republic,49.8167003,15.4749544
ZA,15973,South Africa,-28.816623600000003,24.99163900000001
AT,14221,Austria,47.2000338,13.199959
FI,14090,Finland,63.2467777,25.9209164
MY,14024,Malaysia,4.5693754,102.2656823
HU,13924,Hungary,47.1817585,19.5060937
SG,13788,Singapore,1.357107,103.8194992
HR,12036,Croatia,45.5643442,17.0118954
KZ,12030,Kazakhstan,47.2286086,65.20931970000001
NZ,10910,New Zealand,-41.5000831,172.8344077
PK,10235,Pakistan,30.3308401,71.247499
KR,10132,South Korea,36.638392,127.6961188
AE,10101,United Arab Emirates,24.0002488,53.9994829
BG,9482,Bulgaria,42.6073975,25.4856617
GE,9183,Georgia,41.6809707,44.02873820000001
MA,8542,Morocco,31.1728205,-7.3362482
AL,7751,Albania,41.000028,19.9999619
SK,7395,Slovakia,48.74115220000001,19.4528646
LT,7290,Lithuania,55.35000030000001,23.7499997
AZ,7063,Azerbaijan,40.3936294,47.7872508
JP,6946,Japan,36.5748441,139.2394179
CN,6889,China,35.000074,104.999927
SI,6698,Slovenia,45.8133113,14.4808369
VE,6680,Venezuela,8.0018709,-66.1109318
EC,6525,Ecuador,-1.3397668,-79.3666965
HK,6404,Hong Kong,22.2793278,114.1628131
BD,6154,Bangladesh,24.4768783,90.2932426
TH,6030,Thailand,14.8971921,100.83273
NG,6023,Nigeria,9.6000359,7.999972099999999
BY,5752,Belarus,53.4250605,27.6971358
UY,5564,Uruguay,-32.8755548,-56.0201525
AM,5518,Armenia,40.7696272,44.6736646
BA,5484,Bosnia-Herzegovina,44.30534760000001,17.596146700000006
DZ,5303,Algeria,28.0000272,2.9999825
IQ,4984,Iraq,33.0955793,44.1749775
TN,4936,Tunisia,33.8439408,9.400138
LB,4728,Lebanon,33.8750629,35.843409
XE,4622,England,52.5310214,-1.2649062
XC,4448,Catalonia,41.8523094,1.5745043
JO,4409,Jordan,31.1667049,36.941628
MN,4204,Mongolia,46.8250388,103.8499736
IS,4145,Iceland,64.9841821,-18.1059013
MK,4086,North Macedonia,41.6171214,21.7168387
DO,4075,Dominican Republic,19.0974031,-70.30280259999999
NP,3984,Nepal,28.1083929,84.0917139
LV,3795,Latvia,56.8406494,24.7537645
CR,3731,Costa Rica,10.2735633,-84.0739102
PR,3412,Puerto Rico,18.2214149,-66.41328179513847
EE,3398,Estonia,58.75237779999999,25.3319078
TW,3360,Taiwan,23.9739374,120.9820179
XS,3357,Scotland,56.78611120000001,-4.1140518
MM,3160,Myanmar,17.1750495,95.9999652
LK,3101,Sri Lanka,7.555494199999999,80.7137847
SY,3018,Syria,34.6401861,39.0494106
UZ,2954,Uzbekistan,41.32373,63.9528098
BO,2688,Bolivia,-17.056869600000002,-64.9912286
GT,2669,Guatemala,15.635608800000002,-89.8988087
KE,2636,Kenya,1.4419683,38.4313975
PY,2606,Paraguay,-23.3165935,-58.1693445
KW,2496,Kuwait,29.2733964,47.4979476
PS,2218,Palestine,31.94696655,35.27386547291496
MD,2146,Moldova,47.28796079999999,28.5670941
QA,2139,Qatar,25.3336984,51.2295295
OM,2025,Oman,21.0000287,57.00369010000001
KG,2009,Kyrgyzstan,41.5089324,74.724091
CU,1979,Cuba,23.0131338,-80.8328748
CY,1908,Cyprus,34.982301799999995,33.1451285
AF,1844,Afghanistan,33.7680065,66.2385139
ME,1842,Montenegro,42.9868853,19.5180992
HN,1734,Honduras,15.2572432,-86.0755145
XK,1719,Kosovo,42.5869578,20.902123100000004
PA,1714,Panama,8.559559,-81.1308434
SV,1694,El Salvador,13.800038199999998,-88.9140683
XW,1573,Wales,52.2928116,-3.73893
ZW,1423,Zimbabwe,-18.4554963,29.7468414
BH,1413,Bahrain,26.1551249,50.5344606
JM,1365,Jamaica,18.1850507,-77.3947693
SD,1321,Sudan,14.584444400000002,29.4917691
NI,1234,Nicaragua,12.6090157,-85.29369109999998
MT,1187,Malta,35.8885993,14.4476911
LY,1153,Libya,26.8234472,18.1236723
XB,1084,Basque Country,42.72865305000001,-1.9738374669746297
KP,1030,North Korea,40.37366110000001,127.0870417
VA,895,Vatican City,41.9034912,12.4528349
TT,851,Trinidad/Tobago,10.8677845,-60.9821067
MV,821,Maldives,4.7064352,73.3287853
GH,808,Ghana,8.0300284,-1.0800271
ZM,775,Zambia,-14.5186239,27.5599164
XA,775,Canary Islands,28.2935785,-16.621447121144122
YE,771,Yemen,16.3471243,47.8915271
XG,710,Galicia,42.61946,-7.863111999999999
AD,701,Andorra,42.5407167,1.5732033
AO,664,Angola,-11.877576800000002,17.5691241
UG,653,Uganda,1.5333553999999998,32.2166578
KH,635,Cambodia,13.5066394,104.869423
IM,633,Isle of Man,54.193680500000006,-4.5591148
FO,579,Faroe Islands,62.0448724,-7.032297200000001
MU,541,Mauritius,-20.2759451,57.5703566
BW,521,Botswana,-23.1681782,24.5928742
ET,492,Ethiopia,10.2116702,38.6521203
BN,478,Brunei,4.4137155,114.5653908
MG,475,Madagascar,-18.9249604,46.4416422
RE,464,Reunion,-21.13073795,55.53648011299232
SO,452,Somalia,8.3676771,49.083416
TJ,435,Tajikistan,38.62817329999999,70.8156541
MZ,431,Mozambique,-19.302233,34.9144977
HT,425,Haiti,19.1399952,-72.35709720000001
LA,381,Laos,20.0171109,103.378253
VI,369,US Virgin Islands,17.728956399999994,-64.75901597858352
BS,367,Bahamas,24.7736546,-78.0000547
BB,364,Barbados,13.1500331,-59.52503050000001
GU,353,Guam,13.4501257,144.75755102972062
GL,337,Greenland,77.61923490000002,-42.8125967
JE,326,Jersey,49.2214561,-2.1358386
CM,323,Cameroon,4.6125522000000005,13.153581099999998
SN,320,Senegal,14.475060699999998,-14.4529612
MO,311,Macao,22.17576050000001,113.5514142
AW,310,Aruba,12.4902998,-69.96098420000001
TM,280,Turkmenistan,39.37638070000001,59.3924609
SC,279,Seychelles,-4.6574977,55.45401460000001
FJ,276,Fiji,-18.1239696,179.0122737
GP,274,Guadeloupe,16.230510250000002,-61.68712602138847
TZ,269,Tanzania,-6.5247123,35.7878438
CI,258,Ivory Coast,7.9897371,-5.5679458
MQ,256,Martinique,14.6367927,-61.01582685063731
MC,252,Monaco,43.73844905,7.424224092532952
BM,251,Bermuda,32.3018217,-64.7603583
AG,240,Antigua/Barbuda,17.223472100000002,-61.9554608
BZ,234,Belize,16.8259793,-88.7600927
BT,228,Bhutan,27.549511,90.5119273
GI,214,Gibraltar,36.140807,-5.3541295
CW,209,Curacao,12.1845,-68.9640875031406
KY,201,Cayman Islands,19.70318225,-79.9174627243246
GY,193,Guyana,4.8417097,-58.64168910000001
CV,188,Cape Verde,16.0000552,-24.0083947
CD,187,DR Congo,-2.9814344,23.82226360000001
PM,172,Saint Pierre/Miquelon,46.7832469,-56.19515890748409
GG,168,Guernsey,49.4566233,-2.5822348
LC,167,Saint Lucia,13.8250489,-60.975036
SR,165,Suriname,4.1413025,-56.07711870000001
MW,164,Malawi,-13.2687204,33.9301963
NC,161,New Caledonia,-20.4542886,164.55660583077983
PG,160,Papua New Guinea,-5.6816069,144.2489081
RW,154,Rwanda,-1.9646631,30.0644358
TG,147,Togo,8.7800265,1.0199764999999998
VU,144,Vanuatu,-16.525506900000003,168.10691540000005
SM,144,San Marino,43.9458623,12.458306
NE,143,Niger,17.7356214,9.3238432
AS,138,American Samoa,-14.289304,-170.692511
KI,136,Kiribati,-1.2394555500000002,175.29694553869794
LI,132,Liechtenstein,47.1416307,9.553152699999998
FM,130,Micronesia,8.6065,152.00846930625
DJ,130,Djibouti,11.8145966,42.8453061
TV,130,Tuvalu,-8.6405212,179.1582918181797
EH,123,Western Sahara,24.1797324,-13.7667848
MR,122,Mauritania,20.2540382,-9.2399263
GA,119,Gabon,-0.8999695,11.6899699
LS,115,Lesotho,-29.6039267,28.33501930000001
VG,115,British Virgin Islands,18.4024395,-64.5661642
WS,110,Samoa,-13.7693895,-172.1200508
KN,109,Saint Kitts/Nevis,17.250512,-62.6725973
CG,102,Congo,-0.7264326999999999,15.6419155
GD,97,Grenada,12.1360374,-61.69040450000001
SZ,95,Swaziland,-26.562480600000004,31.3991317
TD,95,Chad,15.6134137,19.0156172
BJ,95,Benin,9.5293472,2.2584408
TL,95,Timor-Leste,-8.5151979,125.8375756
PW,94,Palau,7.3245,134.496454875
SS,93,South Sudan,7.869943099999999,29.6667897
TO,89,Tonga,-19.9160819,-175.2026424
ER,88,Eritrea,15.950031900000004,37.9999668
BF,88,Burkina Faso,12.0753083,-1.6880313999999998
AX,86,Aland Islands,60.2166218,19.9438638
VC,81,Saint Vincent,12.90447,-61.2765569
ST,80,Sao Tome/Principe,0.8875497999999999,6.964871799999999
MH,79,Marshall Islands,8.9995549,168.0002575
SB,75,Solomon Islands,-8.7053941,159.1070693851845
LR,73,Liberia,5.7499721,-9.3658524
BI,73,Burundi,-3.3634357,29.8870575
SL,67,Sierra Leone,8.6400349,-11.8400269
NR,67,Nauru,-0.5252306,166.9324426
ML,67,Mali,16.3700359,-2.2900239
FK,60,Falkland Islands,-51.9666424,-59.5500387
GM,59,Gambia,13.470062,-15.4900464
DM,55,Dominica,19.0974031,-70.30280259999999
GF,55,French Guiana,4.0039882,-52.999998
GQ,50,Equatorial Guinea,1.6131719999999998,10.5170357
TC,43,Turks and Caicos Islands,21.7214683,-71.62017829999998
MS,37,Montserrat,16.7417041,-62.19168440000001
CF,33,Central Africa,11.5024338,17.7578122
SX,23,Sint Maarten,52.7736657,4.7448352
GS,22,South Georgia,-54.4315,-36.618593125
